Pan Africa Market,"1521 1st Ave, Seattle, WA",47.608941,-122.340145,restaurant
Buddha Thai & Bar,"2222 2nd Ave, Seattle, WA",47.613591,-122.344394,bar
The Melting Pot,"14 Mercer St, Seattle, WA",47.624562,-122.356442,restaurant
Ipanema Grill,"1225 1st Ave, Seattle, WA",47.606366,-122.337656,restaurant
Sake House,"2230 1st Ave, Seattle, WA",47.612825,-122.34567,bar
Crab Pot,"1301 Alaskan Way, Seattle, WA",47.605961,-122.34036,restaurant
Mama's Mexican Kitchen,"2234 2nd Ave, Seattle, WA",47.613975,-122.345467,bar
Wingdome,"1416 E Olive Way, Seattle, WA",47.617215,-122.326584,bar
Piroshky Piroshky,"1908 Pike pl, Seattle, WA",47.610127,-122.342838,restaurant