Frankie Johnnie & Luigo Too,"939 W El Camino Real, Mountain View, CA",37.386339,-122.085823
Amici's East Coast Pizzeria,"790 Castro St, Mountain View, CA",37.38714,-122.083235
Kapp's Pizza Bar & Grill,"191 Castro St, Mountain View, CA",37.393885,-122.078916
Round Table Pizza: Mountain View,"570 N Shoreline Blvd, Mountain View, CA",37.402653,-122.079354
Tony & Alba's Pizza & Pasta,"619 Escuela Ave, Mountain View, CA",37.394011,-122.095528
Oregano's Wood-Fired Pizza,"4546 El Camino Real, Los Altos, CA",37.401724,-122.114646
Round Table Pizza: Sunnyvale-Mary-Central Expy,"415 N Mary Ave, Sunnyvale, CA",37.390038,-122.042034
Giordano's,"730 N Rush St, Chicago, IL",41.895729,-87.625411
Filippi's Pizza Grotto,"1747 India St, San Diego, CA",32.723831,-117.168326
Pizzeria Paradiso,"2029 P St NW, Washington, DC",38.90965,-77.0459
Tutta Bella Neapolitan Pizzera,"4918 Rainier Ave S, Seattle, WA",47.557704,-122.284985
Touche Pasta Pizza Pool,"1425 NW Glisan St, Portland, OR",45.526465,-122.68558
Piecora's New York Pizza,"1401 E Madison St, Seattle, WA",47.614005,-122.313985
Pagliacci Pizza,"550 Queen Anne Ave N, Seattle, WA",47.623942,-122.356719
Zeeks Pizza - Phinney Ridge,"6000 Phinney Ave N, Seattle, WA",47.67267,-122.354092
Old Town Pizza,"226 NW Davis St, Portland, OR",45.524557,-122.67268
Zeeks Pizza - Belltown,"419 Denny Way, Seattle, WA",47.618314,-122.347998
Escape From New York Pizza,"622 NW 23rd Ave, Portland, OR",45.527105,-122.698509
Big Fred's Pizza Garden,"1101 S 119th St, Omaha, NE",41.248662,-96.09876
Old Chicago,"1111 Harney St, Omaha, NE",41.25652,-95.930683
Sgt Peffer's Cafe Italian,"1501 N Saddle Creek Rd, Omaha, NE",41.273084,-95.987816
Mama's Pizza,"715 N Saddle Creek Rd, Omaha, NE",41.265883,-95.980682
Zio's New York Style Pizzeria,"1213 Howard St, Omaha, NE",41.25545,-95.932022
Zio's New York Style Pizzeria,"7834 W Dodge Rd, Omaha, NE",41.26325,-96.0564
La Casa Pizzaria,"4432 Leavenworth St, Omaha, NE",41.2524,-95.979578
Lou Malnati's Pizzeria,"439 N Wells St, Chicago, IL",41.890346,-87.633927
Piece Restaurant,"1927 W North Ave, Chicago, IL",41.910493,-87.676127
Connie's Pizza Inc,"2373 S Archer Ave, Chicago, IL",41.849213,-87.641681
Exchequer Restaurant,"226 S Wabash Ave, Chicago, IL",41.879189,-87.626079
Coco's By The Falls,"5339 Murray Street, Niagara Falls, Ontario",43.083555,-79.082706
Pompei,"1531 W Taylor St, Chicago, IL",41.869301,-87.664779
Lynn's Paradise Cafe,"984 Barret Ave, Louisville, KY",38.23693,-85.72854
Otto Restaurant Enoteca Pizza,"1 5th Ave, New York, NY",40.732161,-73.996321
Grimaldi's,"19 Old Fulton St, Brooklyn, NY",40.702515,-73.993733
Lombardi's,"32 Spring St, New York, NY",40.721675,-73.995595
John's Pizzeria,"278 Bleecker St, New York, NY",40.731706,-74.003271
John's Pizzeria,"260 W 44th St, New York, NY",40.758072,-73.987736
Burger Joint,"2175 Broadway, New York, NY",40.782398,-73.981
Frank Pepe Pizzeria Napoletana,"157 Wooster St, New Haven, CT",41.302803,-72.917042
Adrianne's Pizza Bar,"54 Stone St, New York, NY",40.70448,-74.010137
Pizzeria Regina: Regina Pizza,"11 1/2 Thacher St, Boston, MA",42.365338,-71.056832
Upper Crust,"20 Charles St, Boston, MA",42.356607,-71.069681
Bertucci's Brick Oven Rstrnt,"4 Brookline Pl, Brookline, MA",42.331917,-71.115311
Aquitaine,"569 Tremont St, Boston, MA",42.343637,-71.072265
Bertucci's Brick Oven Rstrnt,"43 Stanhope St, Boston, MA",42.348299,-71.073249
Upper Crust,"286 Harvard St, Brookline, MA",42.342856,-71.122311
Bertucci's Brick Oven Rstrnt,"799 Main St, Cambridge, MA",42.363259,-71.09721
Bertucci's Brick Oven Rstrnt,"22 Merchants Row, Boston, MA",42.359146,-71.055477
Vinnie Van Go-Go's,"317 W Bryan St, Savannah, GA",32.081152,-81.094992
Domino's Pizza: Myrtle Beach,"1706 S Kings Hwy # A, Myrtle Beach, SC",33.67488,-78.905143
East of Chicago Pizza Company,"3901 North Kings Highway Suite 1, Myrtle Beach, SC",33.716097,-78.855582
Villa Tronco Italian Rstrnt,"1213 Blanding St, Columbia, SC",34.008048,-81.036314
Mellow Mushroom Pizza Bakers,"11 W Liberty St, Savannah, GA",32.074673,-81.093699
Andolinis Pizza,"82 Wentworth St, Charleston, SC",32.78233,-79.934236
Mellow Mushroom Pizza Bakers,"259 E Broad St, Athens, GA",33.9578,-83.37466
Bucks Pizza of Edisto Beach Inc,"114 Jungle Rd, Edisto Island, SC",32.503973,-80.297947
Anthony's Coal Fired Pizza,"2203 S Federal Hwy, Fort Lauderdale, FL",26.094671,-80.136689
Giordano's,"12151 S Apopka Vineland Rd, Orlando, FL",28.389367,-81.506222
Pizza Rustica,"863 Washington Ave, Miami Beach, FL",25.779059,-80.133107
Mama Jennie's Italian Restaurant,"11720 Ne 2nd Ave, North Miami, FL",25.882782,-80.19429
Anthony's Coal Fired Pizza,"17901 Biscayne Blvd, Aventura, FL",25.941116,-80.148826
Anthony's Coal Fired Pizza,"4527 Weston Rd, Weston, FL",26.065395,-80.362442
Mario the Baker Pizza & Italian Restaurant,"13695 W Dixie Hwy, North Miami, FL",25.92974,-80.15609
Big Cheese Pizza,"8080 SW 67th Ave, Miami, FL",25.696025,-80.301113
Ingleside Village Pizza,"2396 Ingleside Ave, Macon, GA",32.85376,-83.657406
Ciao Bella Pizza Da Guglielmo,"29 Highway 98 E, Destin, FL",30.395556,-86.512093
Papa John's Pizza,"810 Russell Pkwy, Warner Robins, GA",32.593911,-83.637075
Papa John's Pizza: East Central Montgomery,"2525 Madison Ave, Montgomery, AL",32.381121,-86.273035
Cici's Pizza,"6268 Atlanta Hwy, Montgomery, AL",32.382205,-86.190675
Papa John's Pizza,"1210 E Jackson St, Thomasville, GA",30.849129,-83.963428
Papa John's Pizza,"711 N Westover Blvd # G, Albany, GA",31.61397,-84.22308
Mellow Mushroom Pizza Bakers,"6100 Veterans Pkwy, Columbus, GA",32.532078,-84.955894
Star Pizza,"2111 Norfolk St, Houston, TX",29.732452,-95.411058
Star Pizza II,"77 Harvard St, Houston, TX",29.770751,-95.396042
Brothers Pizzeria,"1029 Highway 6 N # 100, Houston, TX",29.768337,-95.643594
11th Street Cafe Inc,"748 E 11th St, Houston, TX",29.790794,-95.388921
California Pizza Kitchen,"1705 Post Oak Blvd # A, Houston, TX",29.750172,-95.461199
Collina's Italian Cafe,"3835 Richmond Ave, Houston, TX",29.73262,-95.438964
Barry's Pizza & Italian Diner,"6003 Richmond Ave, Houston, TX",29.73143,-95.484382
Mario's Seawall Italian Restaurant,"628 Seawall Blvd, Galveston, TX",29.304542,-94.772598
Campisi's Egyptian Restaurant,"5610 E Mockingbird Ln, Dallas, TX",32.83651,-96.771781
Fat Joe's Pizza Pasta & Bar,"4721 W Park Blvd # 101, Plano, TX",33.027055,-96.788912
Saccone's Pizza,"13812 N Highway 183, Austin, TX",29.569507,-97.964663
Fireside Pies,"2820 N Henderson Ave, Dallas, TX",32.819762,-96.784148
Romeo's,"1500 Barton Springs Rd, Austin, TX",30.261526,-97.760022
Sandella's Cafe,"5910 N Macarthur Blvd, Irving, TX",32.892002,-96.961188
Mangia Chicago Stuffed Pizza,"3500 Guadalupe St, Austin, TX",30.301543,-97.739112
Frank & Angie's,"508 West Ave, Austin, TX",30.269393,-97.750889
Pizzeria Bianco,"623 E Adams St, Phoenix, AZ",33.449377,-112.065521
Sammy's Woodfired Pizza,"770 4th Ave, San Diego, CA",32.713382,-117.16118
Casa Bianca Pizza Pie,"1650 Colorado Blvd, Los Angeles, CA",34.139159,-118.204608
Parkway Grill,"510 S Arroyo Pkwy, Pasadena, CA",34.137003,-118.147303
California Pizza Kitchen,"330 S Hope St, Los Angeles, CA",34.05333,-118.252683
B J's Pizza & Grill,"200 Main St # 101, Huntington Beach, CA",33.658058,-118.001101
B J's Restaurant & Brewhouse,"280 S Coast Hwy, Laguna Beach, CA",33.54209,-117.783516
Beau Jo's Pizza,"2710 S Colorado Blvd, Denver, CO",39.667342,-104.940708
Pasquini's Pizzeria,"1310 S Broadway, Denver, CO",39.692824,-104.987463
Fargos Pizza Co,"2910 E Platte Ave, Colorado Springs, CO",38.839847,-104.774423
Old Chicago,"1415 Market St, Denver, CO",39.748177,-105.000501
Sink,"1165 13th St, Boulder, CO",40.00821,-105.276236
Ligori's Pizza & Pasta,"4421 Harrison Blvd, Ogden, UT",41.182732,-111.949199
Old Chicago,"1102 Pearl St, Boulder, CO",40.017591,-105.28099
Boston's Restaurant & Sports,"620 E Disk Dr, Rapid City, SD",44.106938,-103.205226
Chuck E Cheese's Pizza,"100 24th St W # B, Billings, MT",45.771355,-108.57629
Space Aliens Grill & Bar,"1304 E Century Ave, Bismarck, ND",46.83808,-100.771734
2nd Street Bistro,"123 North 2nd Street, Livingston, MT",45.661014,-110.561422
Domino's Pizza,"1524 S Broadway # 1, Minot, ND",48.219657,-101.296037
American Classic Pizzeria,"1744 Grand Ave, Billings, MT",45.78412,-108.560205
Godfather's Pizza,"905 Main St, Billings, MT",45.81508,-108.470758
Papa John's Pizza,"605 Main St, Billings, MT",45.810222,-108.472125
Aardvark Pizza & Sub,"304A Caribou St, Banff, AB",51.176488,-115.570751
Jasper Pizza Place,"402 Connaught Dr, Jasper, AB",52.879085,-118.079319
Odyssey Pizza & Steak House,"3-3814 Bow Trail SW, Calgary, AB",51.045233,-114.141249
Basil's Pizza,"2118 33 Avenue SW, Calgary, AB",51.023981,-114.109903
Castle Pizza & Donair,"7724 Elbow Drive SW, Calgary, AB",50.984497,-114.08315
Santa Lucia Italian Restaurant,"714 8 St, Canmore, AB",51.089195,-115.358733
Tops Pizza & Steak House No 3,"7-5602 4 Street NW, Calgary, AB",51.101205,-114.071458
Evvia Restaurant,"837 Main St, Canmore, AB",51.089177,-115.361767
D&#39;Bronx,"3904 Bell St, Kansas City, MO",39.057182,-94.606105
Cicero's Restaurant & Entrtnmt,"6691 Delmar Blvd, St Louis, MO",38.656308,-90.308439
Hideaway Pizza,"6616 N Western Ave, Oklahoma City, OK",35.539114,-97.52976
Fortel's Pizza Den,"7932 Mackenzie Rd, St Louis, MO",38.566441,-90.320792
Hideaway Pizza,"7877 E 51st St, Tulsa, OK",36.089897,-95.889241
Farotto's Catering,"9525 Manchester Rd, Webster Groves, MO",38.609327,-90.364435
California Pizza Kitchen,"1493 Saint Louis Galleria, St Louis, MO",38.633613,-90.345949
D'Bronx,"2450 Grand Blvd # 124, Kansas City, MO",39.082723,-94.58178
Giuseppe's Depot Restaurant,"10 S Sierra Madre St, Colorado Springs, CO",38.834548,-104.828297
Old Chicago,"1415 Market St, Denver, CO",39.748177,-105.000501
Brick Oven Restaurant,"111 E 800 N, Provo, UT",40.244493,-111.656322
Zachary's Chicago Pizza,"5801 College Ave, Oakland, CA",37.846179,-122.251951
Zachary's Chicago Pizza,"1853 Solano Ave, Berkeley, CA",37.891407,-122.27843
Cheese Board Pizza,"1512 Shattuck Ave, Berkeley, CA",37.879976,-122.269275
Goat Hill Pizza,"300 Connecticut St, San Francisco, CA",37.762431,-122.397617
Tommaso Ristorante Italiano,"1042 Kearny St, San Francisco, CA",37.797388,-122.405374
Little Star Pizza LLC,"846 Divisadero St, San Francisco, CA",37.77752,-122.438215
Pauline's Pizza,"260 Valencia, San Francisco, CA",37.768725,-122.422245
Villa Romana Pizzeria & Rstrnt,"731 Irving St, San Francisco, CA",37.764074,-122.465581
Amici's East Coast Pizzeria,"69 E 3rd Ave, San Mateo, CA",37.563896,-122.32472
Amici's East Coast Pizzeria,"226 Redwood Shores Pkwy, Redwood City, CA",37.520516,-122.252255
North Beach Pizza,"240 E 3rd Ave, San Mateo, CA",37.565325,-122.322643
Patxi's Chicago Pizza,"441 Emerson St, Palo Alto, CA",37.445148,-122.163553
Pizz'a Chicago,"4115 El Camino Real, Palo Alto, CA",37.414106,-122.126223
California Pizza Kitchen,"531 Cowper St, Palo Alto, CA",37.448075,-122.158813
Windy City Pizza,"35 Bovet Rd, San Mateo, CA",37.551562,-122.314525
Applewood Pizza 2 Go,"1001 El Camino Real, Menlo Park, CA",37.452966,-122.181722
Pizza Antica,"334 Santana Row # 1065, San Jose, CA",37.321792,-121.947735
Pizz'a Chicago,"155 W San Fernando St, San Jose, CA",37.333277,-121.891677
House of Pizza,"527 S Almaden Ave, San Jose, CA",37.326353,-121.888165
Amici's East Coast Pizzeria,"225 W Santa Clara St, San Jose, CA",37.334702,-121.894045
Fiorillo's Restaurant,"638 El Camino Real, Santa Clara, CA",37.354603,-121.942577
Tony & Alba's Pizza & Pasta,"3137 Stevens Creek Blvd, San Jose, CA",37.323297,-121.951646
Giorgio's,"1445 Foxworthy Ave, San Jose, CA",37.274648,-121.892893
Round Table Pizza,"4302 Moorpark Ave, San Jose, CA",37.315903,-121.977925
